Run,Mode,TestName,Status,Error,Output,isPass
1,server,quic_server_test_handshake_done_error0.iev,,"ivy_return_code(1);assumption_failed(""/usr/local/lib/python2.7/dist-packages/ivy/include/1.7/quic_packet.ivy: line 346"")",/results/temp/32/quic_server_test_handshake_done_error0.iev,0.0
5,server,quic_server_test_double_tp_error0.iev,,,/results/temp/37/quic_server_test_double_tp_error0.iev,1.0
8,server,quic_server_test_double_tp_error0.iev,,,/results/temp/36/quic_server_test_double_tp_error0.iev,1.0
11,server,quic_server_test_stop_sending0.iev,,,/results/temp/35/quic_server_test_stop_sending0.iev,1.0
13,server,quic_server_test_newcoid_zero_error0.iev,,"ivy_return_code(1);assumption_failed(""quic_server_test_newcoid_zero_error.ivy: line 256"")",/results/temp/27/quic_server_test_newcoid_zero_error0.iev,0.0
16,server,quic_server_test_tp_acticoid_error0.iev,,"ivy_return_code(1);assumption_failed(""quic_server_test_tp_acticoid_error.ivy: line 535"")",/results/temp/12/quic_server_test_tp_acticoid_error0.iev,0.0
20,server,quic_server_test_max0.iev,,,/results/temp/3/quic_server_test_max0.iev,1.0
22,server,quic_server_test_newcoid_zero_error0.iev,,,/results/temp/29/quic_server_test_newcoid_zero_error0.iev,1.0
25,server,quic_server_test_handshake_done_error0.iev,,"ivy_return_code(1);assumption_failed(""/usr/local/lib/python2.7/dist-packages/ivy/include/1.7/quic_packet.ivy: line 346"")",/results/temp/30/quic_server_test_handshake_done_error0.iev,0.0
29,server,quic_server_test_retirecoid_error0.iev,,,/results/temp/26/quic_server_test_retirecoid_error0.iev,1.0
31,server,quic_server_test_accept_maxdata0.iev,,"ivy_return_code(1);assumption_failed(""quic_server_test_accept_maxdata.ivy: line 302"")",/results/temp/42/quic_server_test_accept_maxdata0.iev,0.0
33,server,quic_server_test_tp_limit_acticoid_error0.iev,,"ivy_return_code(1);value(""0xb"")",/results/temp/39/quic_server_test_tp_limit_acticoid_error0.iev,0.0
38,server,quic_server_test_blocked_streams_maxstream_error0.iev,,"ivy_return_code(1);assumption_failed(""quic_server_test_blocked_streams_maxstream_error.ivy: line 256"")",/results/temp/21/quic_server_test_blocked_streams_maxstream_error0.iev,0.0
41,server,quic_server_test_max0.iev,,,/results/temp/4/quic_server_test_max0.iev,1.0
42,server,quic_server_test_tp_limit_acticoid_error0.iev,,"ivy_return_code(1);value(""0xb"")",/results/temp/40/quic_server_test_tp_limit_acticoid_error0.iev,0.0
45,server,quic_server_test_token_error0.iev,,,/results/temp/8/quic_server_test_token_error0.iev,1.0
48,server,quic_server_test_connection_close0.iev,,"ivy_return_code(1);assumption_failed(""quic_server_test.ivy: line 278"")",/results/temp/15/quic_server_test_connection_close0.iev,0.0
51,server,quic_server_test_stream0.iev,,"ivy_return_code(1);assumption_failed(""/usr/local/lib/python2.7/dist-packages/ivy/include/1.7/quic_packet.ivy: line 355"")",/results/temp/1/quic_server_test_stream0.iev,0.0
55,server,quic_server_test_tp_acticoid_error0.iev,,"ivy_return_code(1);assumption_failed(""quic_server_test_tp_acticoid_error.ivy: line 535"")",/results/temp/13/quic_server_test_tp_acticoid_error0.iev,0.0
58,server,quic_server_test_tp_acticoid_error0.iev,,"ivy_return_code(1);assumption_failed(""quic_server_test_tp_acticoid_error.ivy: line 535"")",/results/temp/14/quic_server_test_tp_acticoid_error0.iev,0.0
61,server,quic_server_test_handshake_done_error0.iev,,"ivy_return_code(1);assumption_failed(""/usr/local/lib/python2.7/dist-packages/ivy/include/1.7/quic_packet.ivy: line 346"")",/results/temp/31/quic_server_test_handshake_done_error0.iev,0.0
64,server,quic_server_test_newcoid_zero_error0.iev,,"ivy_return_code(1);value(""0xb"")",/results/temp/28/quic_server_test_newcoid_zero_error0.iev,0.0
66,server,quic_server_test_tp_limit_acticoid_error0.iev,,"ivy_return_code(1);value(""0x282f40b5921e9db5"")",/results/temp/41/quic_server_test_tp_limit_acticoid_error0.iev,0.0
71,server,quic_server_test_stop_sending0.iev,,"ivy_return_code(1);assumption_failed(""quic_server_test.ivy: line 278"")",/results/temp/34/quic_server_test_stop_sending0.iev,0.0
74,server,quic_server_test_tp_error0.iev,,"ivy_return_code(1);assumption_failed(""quic_server_test_tp_error.ivy: line 533"")",/results/temp/9/quic_server_test_tp_error0.iev,0.0
75,server,quic_server_test_token_error0.iev,,,/results/temp/6/quic_server_test_token_error0.iev,1.0
80,server,quic_server_test_retirecoid_error0.iev,,"ivy_return_code(1);value(""0xe4fb9fe4afed065c"")",/results/temp/25/quic_server_test_retirecoid_error0.iev,0.0
81,server,quic_server_test_connection_close0.iev,,"ivy_return_code(1);assumption_failed(""quic_server_test.ivy: line 278"")",/results/temp/17/quic_server_test_connection_close0.iev,0.0
84,server,quic_server_test_reset_stream0.iev,,"ivy_return_code(1);assumption_failed(""/usr/local/lib/python2.7/dist-packages/ivy/include/1.7/quic_fsm_receiving.ivy: line 140"")",/results/temp/20/quic_server_test_reset_stream0.iev,0.0
87,server,quic_server_test_stream0.iev,,,/results/temp/0/quic_server_test_stream0.iev,1.0
91,server,quic_server_test_accept_maxdata0.iev,,"ivy_return_code(1);assumption_failed(""quic_server_test_accept_maxdata.ivy: line 302"")",/results/temp/44/quic_server_test_accept_maxdata0.iev,0.0
94,server,quic_server_test_accept_maxdata0.iev,,"ivy_return_code(1);assumption_failed(""quic_server_test_accept_maxdata.ivy: line 302"")",/results/temp/43/quic_server_test_accept_maxdata0.iev,0.0
96,server,quic_server_test_reset_stream0.iev,,"ivy_return_code(1);assumption_failed(""/usr/local/lib/python2.7/dist-packages/ivy/include/1.7/quic_fsm_receiving.ivy: line 140"")",/results/temp/18/quic_server_test_reset_stream0.iev,0.0
101,server,quic_server_test_blocked_streams_maxstream_error0.iev,,"ivy_return_code(1);assumption_failed(""quic_server_test_blocked_streams_maxstream_error.ivy: line 256"")",/results/temp/22/quic_server_test_blocked_streams_maxstream_error0.iev,0.0
102,server,quic_server_test_token_error0.iev,,,/results/temp/7/quic_server_test_token_error0.iev,1.0
107,server,quic_server_test_max0.iev,,"ivy_return_code(1);assumption_failed(""/usr/local/lib/python2.7/dist-packages/ivy/include/1.7/quic_fsm_receiving.ivy: line 140"")",/results/temp/5/quic_server_test_max0.iev,0.0
110,server,quic_server_test_double_tp_error0.iev,,,/results/temp/38/quic_server_test_double_tp_error0.iev,1.0
113,server,quic_server_test_stop_sending0.iev,,,/results/temp/33/quic_server_test_stop_sending0.iev,1.0
116,server,quic_server_test_retirecoid_error0.iev,,,/results/temp/24/quic_server_test_retirecoid_error0.iev,1.0
117,server,quic_server_test_connection_close0.iev,,"ivy_return_code(1);assumption_failed(""quic_server_test.ivy: line 278"")",/results/temp/16/quic_server_test_connection_close0.iev,0.0
120,server,quic_server_test_reset_stream0.iev,,"ivy_return_code(1);assumption_failed(""/usr/local/lib/python2.7/dist-packages/ivy/include/1.7/quic_fsm_receiving.ivy: line 140"")",/results/temp/19/quic_server_test_reset_stream0.iev,0.0
123,server,quic_server_test_stream0.iev,,,/results/temp/2/quic_server_test_stream0.iev,1.0
128,server,quic_server_test_tp_error0.iev,,"ivy_return_code(1);assumption_failed(""quic_server_test_tp_error.ivy: line 533"")",/results/temp/10/quic_server_test_tp_error0.iev,0.0
131,server,quic_server_test_tp_error0.iev,,"ivy_return_code(1);assumption_failed(""quic_server_test_tp_error.ivy: line 533"")",/results/temp/11/quic_server_test_tp_error0.iev,0.0
134,server,quic_server_test_blocked_streams_maxstream_error0.iev,,"ivy_return_code(1);assumption_failed(""quic_server_test_blocked_streams_maxstream_error.ivy: line 256"")",/results/temp/23/quic_server_test_blocked_streams_maxstream_error0.iev,0.0
