Run,Implementation,Mode,TestName,Status,ErrorIEV,OutputFile,NbPktSend,isPass
0,aioquic,server,quic_server_test_stream0,,,/home/chris/Toward-verification-of-QUIC-extensions/installer/TVOQE/results/errors/server/VM/server-aioquic-fixed/temp/32/quic_server_test_stream0.iev,0.0,1.0
1,aioquic,server,quic_server_test_stream0,,,/home/chris/Toward-verification-of-QUIC-extensions/installer/TVOQE/results/errors/server/VM/server-aioquic-fixed/temp/55/quic_server_test_stream0.iev,0.0,1.0
2,aioquic,server,quic_server_test_stream0,,,/home/chris/Toward-verification-of-QUIC-extensions/installer/TVOQE/results/errors/server/VM/server-aioquic-fixed/temp/37/quic_server_test_stream0.iev,0.0,1.0
3,aioquic,server,quic_server_test_stream0,,,/home/chris/Toward-verification-of-QUIC-extensions/installer/TVOQE/results/errors/server/VM/server-aioquic-fixed/temp/36/quic_server_test_stream0.iev,0.0,1.0
4,aioquic,server,quic_server_test_stream0,,,/home/chris/Toward-verification-of-QUIC-extensions/installer/TVOQE/results/errors/server/VM/server-aioquic-fixed/temp/89/quic_server_test_stream0.iev,0.0,1.0
5,aioquic,server,quic_server_test_stream0,,,/home/chris/Toward-verification-of-QUIC-extensions/installer/TVOQE/results/errors/server/VM/server-aioquic-fixed/temp/72/quic_server_test_stream0.iev,0.0,1.0
6,aioquic,server,quic_server_test_stream0,,,/home/chris/Toward-verification-of-QUIC-extensions/installer/TVOQE/results/errors/server/VM/server-aioquic-fixed/temp/77/quic_server_test_stream0.iev,0.0,1.0
7,aioquic,server,quic_server_test_stream0,,,/home/chris/Toward-verification-of-QUIC-extensions/installer/TVOQE/results/errors/server/VM/server-aioquic-fixed/temp/57/quic_server_test_stream0.iev,0.0,1.0
8,aioquic,server,quic_server_test_stream0,,,/home/chris/Toward-verification-of-QUIC-extensions/installer/TVOQE/results/errors/server/VM/server-aioquic-fixed/temp/47/quic_server_test_stream0.iev,0.0,1.0
9,aioquic,server,quic_server_test_stream0,,,/home/chris/Toward-verification-of-QUIC-extensions/installer/TVOQE/results/errors/server/VM/server-aioquic-fixed/temp/66/quic_server_test_stream0.iev,0.0,1.0
10,aioquic,server,quic_server_test_stream0,,,/home/chris/Toward-verification-of-QUIC-extensions/installer/TVOQE/results/errors/server/VM/server-aioquic-fixed/temp/35/quic_server_test_stream0.iev,0.0,1.0
11,aioquic,server,quic_server_test_stream0,,,/home/chris/Toward-verification-of-QUIC-extensions/installer/TVOQE/results/errors/server/VM/server-aioquic-fixed/temp/27/quic_server_test_stream0.iev,0.0,1.0
12,aioquic,server,quic_server_test_stream0,,,/home/chris/Toward-verification-of-QUIC-extensions/installer/TVOQE/results/errors/server/VM/server-aioquic-fixed/temp/90/quic_server_test_stream0.iev,0.0,1.0
13,aioquic,server,quic_server_test_stream0,,,/home/chris/Toward-verification-of-QUIC-extensions/installer/TVOQE/results/errors/server/VM/server-aioquic-fixed/temp/12/quic_server_test_stream0.iev,0.0,1.0
14,aioquic,server,quic_server_test_stream0,,,/home/chris/Toward-verification-of-QUIC-extensions/installer/TVOQE/results/errors/server/VM/server-aioquic-fixed/temp/3/quic_server_test_stream0.iev,0.0,1.0
15,aioquic,server,quic_server_test_stream0,,,/home/chris/Toward-verification-of-QUIC-extensions/installer/TVOQE/results/errors/server/VM/server-aioquic-fixed/temp/80/quic_server_test_stream0.iev,0.0,1.0
16,aioquic,server,quic_server_test_stream0,,,/home/chris/Toward-verification-of-QUIC-extensions/installer/TVOQE/results/errors/server/VM/server-aioquic-fixed/temp/84/quic_server_test_stream0.iev,0.0,1.0
17,aioquic,server,quic_server_test_stream0,,,/home/chris/Toward-verification-of-QUIC-extensions/installer/TVOQE/results/errors/server/VM/server-aioquic-fixed/temp/29/quic_server_test_stream0.iev,0.0,1.0
18,aioquic,server,quic_server_test_stream0,,,/home/chris/Toward-verification-of-QUIC-extensions/installer/TVOQE/results/errors/server/VM/server-aioquic-fixed/temp/73/quic_server_test_stream0.iev,0.0,1.0
19,aioquic,server,quic_server_test_stream0,,,/home/chris/Toward-verification-of-QUIC-extensions/installer/TVOQE/results/errors/server/VM/server-aioquic-fixed/temp/30/quic_server_test_stream0.iev,0.0,1.0
20,aioquic,server,quic_server_test_stream0,,,/home/chris/Toward-verification-of-QUIC-extensions/installer/TVOQE/results/errors/server/VM/server-aioquic-fixed/temp/86/quic_server_test_stream0.iev,0.0,1.0
21,aioquic,server,quic_server_test_stream0,,,/home/chris/Toward-verification-of-QUIC-extensions/installer/TVOQE/results/errors/server/VM/server-aioquic-fixed/temp/46/quic_server_test_stream0.iev,0.0,1.0
22,aioquic,server,quic_server_test_stream0,,,/home/chris/Toward-verification-of-QUIC-extensions/installer/TVOQE/results/errors/server/VM/server-aioquic-fixed/temp/26/quic_server_test_stream0.iev,0.0,1.0
23,aioquic,server,quic_server_test_stream0,,,/home/chris/Toward-verification-of-QUIC-extensions/installer/TVOQE/results/errors/server/VM/server-aioquic-fixed/temp/42/quic_server_test_stream0.iev,0.0,1.0
24,aioquic,server,quic_server_test_stream0,,,/home/chris/Toward-verification-of-QUIC-extensions/installer/TVOQE/results/errors/server/VM/server-aioquic-fixed/temp/93/quic_server_test_stream0.iev,0.0,1.0
25,aioquic,server,quic_server_test_stream0,,,/home/chris/Toward-verification-of-QUIC-extensions/installer/TVOQE/results/errors/server/VM/server-aioquic-fixed/temp/39/quic_server_test_stream0.iev,0.0,1.0
26,aioquic,server,quic_server_test_stream0,,,/home/chris/Toward-verification-of-QUIC-extensions/installer/TVOQE/results/errors/server/VM/server-aioquic-fixed/temp/81/quic_server_test_stream0.iev,0.0,1.0
27,aioquic,server,quic_server_test_stream0,,,/home/chris/Toward-verification-of-QUIC-extensions/installer/TVOQE/results/errors/server/VM/server-aioquic-fixed/temp/95/quic_server_test_stream0.iev,0.0,1.0
28,aioquic,server,quic_server_test_stream0,,,/home/chris/Toward-verification-of-QUIC-extensions/installer/TVOQE/results/errors/server/VM/server-aioquic-fixed/temp/61/quic_server_test_stream0.iev,0.0,1.0
29,aioquic,server,quic_server_test_stream0,,,/home/chris/Toward-verification-of-QUIC-extensions/installer/TVOQE/results/errors/server/VM/server-aioquic-fixed/temp/58/quic_server_test_stream0.iev,0.0,1.0
30,aioquic,server,quic_server_test_stream0,,,/home/chris/Toward-verification-of-QUIC-extensions/installer/TVOQE/results/errors/server/VM/server-aioquic-fixed/temp/21/quic_server_test_stream0.iev,0.0,1.0
31,aioquic,server,quic_server_test_stream0,,,/home/chris/Toward-verification-of-QUIC-extensions/installer/TVOQE/results/errors/server/VM/server-aioquic-fixed/temp/87/quic_server_test_stream0.iev,0.0,1.0
32,aioquic,server,quic_server_test_stream0,,,/home/chris/Toward-verification-of-QUIC-extensions/installer/TVOQE/results/errors/server/VM/server-aioquic-fixed/temp/68/quic_server_test_stream0.iev,0.0,1.0
33,aioquic,server,quic_server_test_stream0,,,/home/chris/Toward-verification-of-QUIC-extensions/installer/TVOQE/results/errors/server/VM/server-aioquic-fixed/temp/4/quic_server_test_stream0.iev,0.0,1.0
34,aioquic,server,quic_server_test_stream0,,,/home/chris/Toward-verification-of-QUIC-extensions/installer/TVOQE/results/errors/server/VM/server-aioquic-fixed/temp/62/quic_server_test_stream0.iev,0.0,1.0
35,aioquic,server,quic_server_test_stream0,,,/home/chris/Toward-verification-of-QUIC-extensions/installer/TVOQE/results/errors/server/VM/server-aioquic-fixed/temp/40/quic_server_test_stream0.iev,0.0,1.0
36,aioquic,server,quic_server_test_stream0,,,/home/chris/Toward-verification-of-QUIC-extensions/installer/TVOQE/results/errors/server/VM/server-aioquic-fixed/temp/8/quic_server_test_stream0.iev,0.0,1.0
37,aioquic,server,quic_server_test_stream0,,,/home/chris/Toward-verification-of-QUIC-extensions/installer/TVOQE/results/errors/server/VM/server-aioquic-fixed/temp/53/quic_server_test_stream0.iev,0.0,1.0
38,aioquic,server,quic_server_test_stream0,,,/home/chris/Toward-verification-of-QUIC-extensions/installer/TVOQE/results/errors/server/VM/server-aioquic-fixed/temp/15/quic_server_test_stream0.iev,0.0,1.0
39,aioquic,server,quic_server_test_stream0,,,/home/chris/Toward-verification-of-QUIC-extensions/installer/TVOQE/results/errors/server/VM/server-aioquic-fixed/temp/69/quic_server_test_stream0.iev,0.0,1.0
40,aioquic,server,quic_server_test_stream0,,,/home/chris/Toward-verification-of-QUIC-extensions/installer/TVOQE/results/errors/server/VM/server-aioquic-fixed/temp/1/quic_server_test_stream0.iev,0.0,1.0
41,aioquic,server,quic_server_test_stream0,,,/home/chris/Toward-verification-of-QUIC-extensions/installer/TVOQE/results/errors/server/VM/server-aioquic-fixed/temp/74/quic_server_test_stream0.iev,0.0,1.0
42,aioquic,server,quic_server_test_stream0,,,/home/chris/Toward-verification-of-QUIC-extensions/installer/TVOQE/results/errors/server/VM/server-aioquic-fixed/temp/13/quic_server_test_stream0.iev,0.0,1.0
43,aioquic,server,quic_server_test_stream0,,,/home/chris/Toward-verification-of-QUIC-extensions/installer/TVOQE/results/errors/server/VM/server-aioquic-fixed/temp/14/quic_server_test_stream0.iev,0.0,1.0
44,aioquic,server,quic_server_test_stream0,,,/home/chris/Toward-verification-of-QUIC-extensions/installer/TVOQE/results/errors/server/VM/server-aioquic-fixed/temp/79/quic_server_test_stream0.iev,0.0,1.0
45,aioquic,server,quic_server_test_stream0,,,/home/chris/Toward-verification-of-QUIC-extensions/installer/TVOQE/results/errors/server/VM/server-aioquic-fixed/temp/31/quic_server_test_stream0.iev,0.0,1.0
46,aioquic,server,quic_server_test_stream0,,,/home/chris/Toward-verification-of-QUIC-extensions/installer/TVOQE/results/errors/server/VM/server-aioquic-fixed/temp/88/quic_server_test_stream0.iev,0.0,1.0
47,aioquic,server,quic_server_test_stream0,,,/home/chris/Toward-verification-of-QUIC-extensions/installer/TVOQE/results/errors/server/VM/server-aioquic-fixed/temp/28/quic_server_test_stream0.iev,0.0,1.0
48,aioquic,server,quic_server_test_stream0,,,/home/chris/Toward-verification-of-QUIC-extensions/installer/TVOQE/results/errors/server/VM/server-aioquic-fixed/temp/92/quic_server_test_stream0.iev,0.0,1.0
49,aioquic,server,quic_server_test_stream0,,,/home/chris/Toward-verification-of-QUIC-extensions/installer/TVOQE/results/errors/server/VM/server-aioquic-fixed/temp/71/quic_server_test_stream0.iev,0.0,1.0
50,aioquic,server,quic_server_test_stream0,,,/home/chris/Toward-verification-of-QUIC-extensions/installer/TVOQE/results/errors/server/VM/server-aioquic-fixed/temp/78/quic_server_test_stream0.iev,0.0,1.0
51,aioquic,server,quic_server_test_stream0,,,/home/chris/Toward-verification-of-QUIC-extensions/installer/TVOQE/results/errors/server/VM/server-aioquic-fixed/temp/41/quic_server_test_stream0.iev,0.0,1.0
52,aioquic,server,quic_server_test_stream0,,,/home/chris/Toward-verification-of-QUIC-extensions/installer/TVOQE/results/errors/server/VM/server-aioquic-fixed/temp/98/quic_server_test_stream0.iev,0.0,1.0
53,aioquic,server,quic_server_test_stream0,,,/home/chris/Toward-verification-of-QUIC-extensions/installer/TVOQE/results/errors/server/VM/server-aioquic-fixed/temp/60/quic_server_test_stream0.iev,0.0,1.0
54,aioquic,server,quic_server_test_stream0,,,/home/chris/Toward-verification-of-QUIC-extensions/installer/TVOQE/results/errors/server/VM/server-aioquic-fixed/temp/34/quic_server_test_stream0.iev,0.0,1.0
55,aioquic,server,quic_server_test_stream0,,,/home/chris/Toward-verification-of-QUIC-extensions/installer/TVOQE/results/errors/server/VM/server-aioquic-fixed/temp/9/quic_server_test_stream0.iev,0.0,1.0
56,aioquic,server,quic_server_test_stream0,,,/home/chris/Toward-verification-of-QUIC-extensions/installer/TVOQE/results/errors/server/VM/server-aioquic-fixed/temp/70/quic_server_test_stream0.iev,0.0,1.0
57,aioquic,server,quic_server_test_stream0,,,/home/chris/Toward-verification-of-QUIC-extensions/installer/TVOQE/results/errors/server/VM/server-aioquic-fixed/temp/6/quic_server_test_stream0.iev,0.0,1.0
58,aioquic,server,quic_server_test_stream0,,,/home/chris/Toward-verification-of-QUIC-extensions/installer/TVOQE/results/errors/server/VM/server-aioquic-fixed/temp/25/quic_server_test_stream0.iev,0.0,1.0
59,aioquic,server,quic_server_test_stream0,,,/home/chris/Toward-verification-of-QUIC-extensions/installer/TVOQE/results/errors/server/VM/server-aioquic-fixed/temp/64/quic_server_test_stream0.iev,0.0,1.0
60,aioquic,server,quic_server_test_stream0,,,/home/chris/Toward-verification-of-QUIC-extensions/installer/TVOQE/results/errors/server/VM/server-aioquic-fixed/temp/94/quic_server_test_stream0.iev,0.0,1.0
61,aioquic,server,quic_server_test_stream0,,,/home/chris/Toward-verification-of-QUIC-extensions/installer/TVOQE/results/errors/server/VM/server-aioquic-fixed/temp/96/quic_server_test_stream0.iev,0.0,1.0
62,aioquic,server,quic_server_test_stream0,,,/home/chris/Toward-verification-of-QUIC-extensions/installer/TVOQE/results/errors/server/VM/server-aioquic-fixed/temp/17/quic_server_test_stream0.iev,0.0,1.0
63,aioquic,server,quic_server_test_stream0,,,/home/chris/Toward-verification-of-QUIC-extensions/installer/TVOQE/results/errors/server/VM/server-aioquic-fixed/temp/67/quic_server_test_stream0.iev,0.0,1.0
64,aioquic,server,quic_server_test_stream0,,,/home/chris/Toward-verification-of-QUIC-extensions/installer/TVOQE/results/errors/server/VM/server-aioquic-fixed/temp/20/quic_server_test_stream0.iev,0.0,1.0
65,aioquic,server,quic_server_test_stream0,,,/home/chris/Toward-verification-of-QUIC-extensions/installer/TVOQE/results/errors/server/VM/server-aioquic-fixed/temp/45/quic_server_test_stream0.iev,0.0,1.0
66,aioquic,server,quic_server_test_stream0,,,/home/chris/Toward-verification-of-QUIC-extensions/installer/TVOQE/results/errors/server/VM/server-aioquic-fixed/temp/0/quic_server_test_stream0.iev,0.0,1.0
67,aioquic,server,quic_server_test_stream0,,,/home/chris/Toward-verification-of-QUIC-extensions/installer/TVOQE/results/errors/server/VM/server-aioquic-fixed/temp/65/quic_server_test_stream0.iev,0.0,1.0
68,aioquic,server,quic_server_test_stream0,,,/home/chris/Toward-verification-of-QUIC-extensions/installer/TVOQE/results/errors/server/VM/server-aioquic-fixed/temp/54/quic_server_test_stream0.iev,0.0,1.0
69,aioquic,server,quic_server_test_stream0,,,/home/chris/Toward-verification-of-QUIC-extensions/installer/TVOQE/results/errors/server/VM/server-aioquic-fixed/temp/56/quic_server_test_stream0.iev,0.0,1.0
70,aioquic,server,quic_server_test_stream0,,,/home/chris/Toward-verification-of-QUIC-extensions/installer/TVOQE/results/errors/server/VM/server-aioquic-fixed/temp/44/quic_server_test_stream0.iev,0.0,1.0
71,aioquic,server,quic_server_test_stream0,,,/home/chris/Toward-verification-of-QUIC-extensions/installer/TVOQE/results/errors/server/VM/server-aioquic-fixed/temp/43/quic_server_test_stream0.iev,0.0,1.0
72,aioquic,server,quic_server_test_stream0,,,/home/chris/Toward-verification-of-QUIC-extensions/installer/TVOQE/results/errors/server/VM/server-aioquic-fixed/temp/76/quic_server_test_stream0.iev,0.0,1.0
73,aioquic,server,quic_server_test_stream0,,,/home/chris/Toward-verification-of-QUIC-extensions/installer/TVOQE/results/errors/server/VM/server-aioquic-fixed/temp/48/quic_server_test_stream0.iev,0.0,1.0
74,aioquic,server,quic_server_test_stream0,,,/home/chris/Toward-verification-of-QUIC-extensions/installer/TVOQE/results/errors/server/VM/server-aioquic-fixed/temp/49/quic_server_test_stream0.iev,0.0,1.0
75,aioquic,server,quic_server_test_stream0,,,/home/chris/Toward-verification-of-QUIC-extensions/installer/TVOQE/results/errors/server/VM/server-aioquic-fixed/temp/99/quic_server_test_stream0.iev,0.0,1.0
76,aioquic,server,quic_server_test_stream0,,,/home/chris/Toward-verification-of-QUIC-extensions/installer/TVOQE/results/errors/server/VM/server-aioquic-fixed/temp/18/quic_server_test_stream0.iev,0.0,1.0
77,aioquic,server,quic_server_test_stream0,,,/home/chris/Toward-verification-of-QUIC-extensions/installer/TVOQE/results/errors/server/VM/server-aioquic-fixed/temp/22/quic_server_test_stream0.iev,0.0,1.0
78,aioquic,server,quic_server_test_stream0,,,/home/chris/Toward-verification-of-QUIC-extensions/installer/TVOQE/results/errors/server/VM/server-aioquic-fixed/temp/7/quic_server_test_stream0.iev,0.0,1.0
79,aioquic,server,quic_server_test_stream0,,,/home/chris/Toward-verification-of-QUIC-extensions/installer/TVOQE/results/errors/server/VM/server-aioquic-fixed/temp/50/quic_server_test_stream0.iev,0.0,1.0
80,aioquic,server,quic_server_test_stream0,,,/home/chris/Toward-verification-of-QUIC-extensions/installer/TVOQE/results/errors/server/VM/server-aioquic-fixed/temp/97/quic_server_test_stream0.iev,0.0,1.0
81,aioquic,server,quic_server_test_stream0,,,/home/chris/Toward-verification-of-QUIC-extensions/installer/TVOQE/results/errors/server/VM/server-aioquic-fixed/temp/5/quic_server_test_stream0.iev,0.0,1.0
82,aioquic,server,quic_server_test_stream0,,,/home/chris/Toward-verification-of-QUIC-extensions/installer/TVOQE/results/errors/server/VM/server-aioquic-fixed/temp/38/quic_server_test_stream0.iev,0.0,1.0
83,aioquic,server,quic_server_test_stream0,,,/home/chris/Toward-verification-of-QUIC-extensions/installer/TVOQE/results/errors/server/VM/server-aioquic-fixed/temp/83/quic_server_test_stream0.iev,0.0,1.0
84,aioquic,server,quic_server_test_stream0,,,/home/chris/Toward-verification-of-QUIC-extensions/installer/TVOQE/results/errors/server/VM/server-aioquic-fixed/temp/63/quic_server_test_stream0.iev,0.0,1.0
85,aioquic,server,quic_server_test_stream0,,,/home/chris/Toward-verification-of-QUIC-extensions/installer/TVOQE/results/errors/server/VM/server-aioquic-fixed/temp/33/quic_server_test_stream0.iev,0.0,1.0
86,aioquic,server,quic_server_test_stream0,,,/home/chris/Toward-verification-of-QUIC-extensions/installer/TVOQE/results/errors/server/VM/server-aioquic-fixed/temp/24/quic_server_test_stream0.iev,0.0,1.0
87,aioquic,server,quic_server_test_stream0,,,/home/chris/Toward-verification-of-QUIC-extensions/installer/TVOQE/results/errors/server/VM/server-aioquic-fixed/temp/82/quic_server_test_stream0.iev,0.0,1.0
88,aioquic,server,quic_server_test_stream0,,,/home/chris/Toward-verification-of-QUIC-extensions/installer/TVOQE/results/errors/server/VM/server-aioquic-fixed/temp/59/quic_server_test_stream0.iev,0.0,1.0
89,aioquic,server,quic_server_test_stream0,,,/home/chris/Toward-verification-of-QUIC-extensions/installer/TVOQE/results/errors/server/VM/server-aioquic-fixed/temp/16/quic_server_test_stream0.iev,0.0,1.0
90,aioquic,server,quic_server_test_stream0,,,/home/chris/Toward-verification-of-QUIC-extensions/installer/TVOQE/results/errors/server/VM/server-aioquic-fixed/temp/19/quic_server_test_stream0.iev,0.0,1.0
91,aioquic,server,quic_server_test_stream0,,,/home/chris/Toward-verification-of-QUIC-extensions/installer/TVOQE/results/errors/server/VM/server-aioquic-fixed/temp/75/quic_server_test_stream0.iev,0.0,1.0
92,aioquic,server,quic_server_test_stream0,,,/home/chris/Toward-verification-of-QUIC-extensions/installer/TVOQE/results/errors/server/VM/server-aioquic-fixed/temp/2/quic_server_test_stream0.iev,0.0,1.0
93,aioquic,server,quic_server_test_stream0,,,/home/chris/Toward-verification-of-QUIC-extensions/installer/TVOQE/results/errors/server/VM/server-aioquic-fixed/temp/10/quic_server_test_stream0.iev,0.0,1.0
94,aioquic,server,quic_server_test_stream0,,,/home/chris/Toward-verification-of-QUIC-extensions/installer/TVOQE/results/errors/server/VM/server-aioquic-fixed/temp/11/quic_server_test_stream0.iev,0.0,1.0
95,aioquic,server,quic_server_test_stream0,,,/home/chris/Toward-verification-of-QUIC-extensions/installer/TVOQE/results/errors/server/VM/server-aioquic-fixed/temp/91/quic_server_test_stream0.iev,0.0,1.0
96,aioquic,server,quic_server_test_stream0,,,/home/chris/Toward-verification-of-QUIC-extensions/installer/TVOQE/results/errors/server/VM/server-aioquic-fixed/temp/52/quic_server_test_stream0.iev,0.0,1.0
97,aioquic,server,quic_server_test_stream0,,,/home/chris/Toward-verification-of-QUIC-extensions/installer/TVOQE/results/errors/server/VM/server-aioquic-fixed/temp/51/quic_server_test_stream0.iev,0.0,1.0
98,aioquic,server,quic_server_test_stream0,,,/home/chris/Toward-verification-of-QUIC-extensions/installer/TVOQE/results/errors/server/VM/server-aioquic-fixed/temp/23/quic_server_test_stream0.iev,0.0,1.0
99,aioquic,server,quic_server_test_stream0,,,/home/chris/Toward-verification-of-QUIC-extensions/installer/TVOQE/results/errors/server/VM/server-aioquic-fixed/temp/85/quic_server_test_stream0.iev,0.0,1.0
